<ImportExportXml xmlns:xsi="http://www.w3.org/2001/XMLSchema-instance">
  <Entities>
    <Entity>
      <Name LocalizedName="Contact" OriginalName="Contact">Contact</Name>
      <ObjectTypeCode>2</ObjectTypeCode>
      <FormXml>
        <forms type="main">
          <systemform>
            <formid>{894cc46a-b0cb-4ab0-8bf6-200544e46a2d}</formid>
            <form shownavigationbar="true" solutionaction="Modified">
              <tabs>
                <tab name="general" verticallayout="true" id="{9748ec98-3746-40cc-83bf-d15c7363166f}" IsUserDefined="0" ordinalvalue="0">
                  <columns>
                    <column width="100%" id="0">
                      <sections>
                        <section name="name" showlabel="false" showbar="false" id="{90b0776f-2977-4695-9cd4-73bb6c820f88}" IsUserDefined="0" ordinalvalue="0">
                          <rows>
                            <row>
                              <cell id="{bbe0ad95-9a47-4fff-92db-8165face5f49}" showlabel="false" ordinalvalue="20011" solutionaction="Modified" />
                            </row>
                          </rows>
                        </section>
                        <section name="description" showlabel="true" showbar="true" id="{e165b345-b7ce-4c73-a508-0f42cbf6dd53}" IsUserDefined="0" height="auto" ordinalvalue="3">
                          <rows />
                        </section>
                      </sections>
                    </column>
                  </columns>
                </tab>
                <tab name="details" id="{cafbf41a-42bf-4665-8562-1e37017eba69}" IsUserDefined="0" ordinalvalue="1">
                  <columns>
                    <column width="100%" id="0">
                      <sections>
                        <section name="personal information" showlabel="true" showbar="true" id="{518cc50e-1350-4b4b-a056-fc3c0e7d36d7}" IsUserDefined="0" ordinalvalue="1">
                          <rows>
                            <row>
                              <cell id="{4fbd33df-9d2c-4df4-a9e5-9d7219087f75}" showlabel="false" ordinalvalue="20005" solutionaction="Modified" />
                            </row>
                          </rows>
                        </section>
                      </sections>
                    </column>
                  </columns>
                </tab>
                <tab name="notes and activities" id="{A6C643C6-E98F-4738-812F-0B7F7FFC80F7}" IsUserDefined="0" expanded="false" ordinalvalue="2">
                  <columns>
                    <column width="100%" id="0">
                      <sections>
                        <section name="activities" showlabel="true" showbar="true" id="{f5e95813-3c0a-4385-b2a8-5d88c9edfaf9}" IsUserDefined="0" height="auto" ordinalvalue="0">
                          <rows />
                        </section>
                        <section name="notes" showlabel="true" showbar="true" id="{B798FA27-F9FC-4580-988C-0BA75C444488}" IsUserDefined="0" height="auto" ordinalvalue="1">
                          <rows />
                        </section>
                      </sections>
                    </column>
                  </columns>
                </tab>
                <tab name="administration" id="{0dd7233e-247b-4eef-a71b-0185da6d16ad}" IsUserDefined="0" ordinalvalue="3">
                  <columns>
                    <column width="100%" id="0">
                      <sections>
                        <section name="internal information" showlabel="false" showbar="false" id="{c3e86ffb-2b8b-4c56-877f-67bdaa5a7363}" IsUserDefined="0" ordinalvalue="0">
                          <rows>
                            <row>
                              <cell id="{f2399ce4-c0a8-4763-9cb0-e5b1bc678016}" showlabel="false" ordinalvalue="20001" solutionaction="Modified" />
                            </row>
                          </rows>
                        </section>
                        <section name="billing information" showlabel="true" showbar="true" id="{0738bc1c-9226-486d-9258-9b6fc75cbaa7}" IsUserDefined="0" ordinalvalue="1">
                          <rows>
                            <row>
                              <cell id="{cefb2966-525d-46c3-a248-764db1148978}" showlabel="false" ordinalvalue="20005" solutionaction="Modified" />
                            </row>
                          </rows>
                        </section>
                        <section name="contact methods" showlabel="true" showbar="true" id="{fa46a68d-a6b2-4cc1-9d00-4abd1d46c8f4}" IsUserDefined="0" ordinalvalue="2">
                          <rows>
                            <row>
                              <cell id="{9a8793a2-15ba-4963-aee6-901bce1466dc}" showlabel="false" ordinalvalue="20001" solutionaction="Modified" />
                            </row>
                            <row>
                              <cell id="{07196ff5-08d4-4ed2-84a0-1630a841bec3}" showlabel="false" ordinalvalue="20007" solutionaction="Modified" />
                            </row>
                          </rows>
                        </section>
                        <section name="marketing information" showlabel="true" showbar="true" locklevel="0" id="{137f7111-6a68-49ec-bf7e-608e65cb9c45}" IsUserDefined="0" layout="varheight" columns="11" ordinalvalue="3">
                          <rows>
                            <row>
                              <cell id="{3a8532a5-05f8-40ef-b4c6-949661bd120f}" showlabel="false" ordinalvalue="20003" solutionaction="Modified" />
                            </row>
                          </rows>
                        </section>
                        <section name="service preferences" showlabel="true" showbar="true" id="{12ea1501-295d-423d-acf9-5a1257746c83}" IsUserDefined="0" ordinalvalue="4">
                          <rows>
                            <row>
                              <cell id="{f4d7f7f1-3f02-4980-84b8-149525f2f00a}" showlabel="false" ordinalvalue="20005" solutionaction="Modified" />
                            </row>
                          </rows>
                        </section>
                      </sections>
                    </column>
                  </columns>
                </tab>
              </tabs>
              <Navigation>
                <NavBar>
                  <NavBarByRelationshipItem RelationshipName="Contact_CustomerAddress" Id="navAddresses" TitleResourceId="Tab_Label_MoreAddresses" Sequence="10" Area="Info" solutionaction="Modified">
                    <Titles solutionaction="Added">
                      <Title LCID="1033" Text="More Addresses" />
                    </Titles>
                  </NavBarByRelationshipItem>
                  <NavBarByRelationshipItem RelationshipName="contact_customer_contacts" Id="navSubConts" TitleResourceId="Tab_Label_SubContacts" Sequence="40" Area="Info" solutionaction="Modified">
                    <Titles solutionaction="Added">
                      <Title LCID="1033" Text="Sub-Contacts" />
                    </Titles>
                  </NavBarByRelationshipItem>
                  <NavBarByRelationshipItem RelationshipName="Contact_ActivityPointers" Id="navActivities" Icon="/_imgs/ico_18_act.gif" Sequence="20" Area="Info" solutionaction="Modified">
                    <Titles solutionaction="Added">
                      <Title LCID="1033" Text="Activities" />
                    </Titles>
                  </NavBarByRelationshipItem>
                  <NavBarByRelationshipItem RelationshipName="Contact_ActivityPointers" Id="navActivityHistory" TitleResourceId="Tab_Label_History" Icon="/_imgs/ico_18_history.gif" ViewId="21E2B905-6FDB-470d-8517-AD69B4C01268" Sequence="20" Area="Info" solutionaction="Modified">
                    <Titles solutionaction="Added">
                      <Title LCID="1033" Text="Closed Activities" />
                    </Titles>
                  </NavBarByRelationshipItem>
                  <NavBarByRelationshipItem RelationshipName="contact_customer_relationship_customer" Id="navRelationships" TitleResourceId="Left_Nav_Area_Relationships" Sequence="50" Area="Info" solutionaction="Modified">
                    <Titles solutionaction="Added">
                      <Title LCID="1033" Text="Relationships" />
                    </Titles>
                  </NavBarByRelationshipItem>
                </NavBar>
                <NavBarAreas solutionaction="Added">
                  <NavBarArea Id="Info">
                    <Titles>
                      <Title LCID="1033" Text="Common" />
                    </Titles>
                  </NavBarArea>
                  <NavBarArea Id="Sales">
                    <Titles>
                      <Title LCID="1033" Text="Sales" />
                    </Titles>
                  </NavBarArea>
                  <NavBarArea Id="Service">
                    <Titles>
                      <Title LCID="1033" Text="Service" />
                    </Titles>
                  </NavBarArea>
                  <NavBarArea Id="Marketing">
                    <Titles>
                      <Title LCID="1033" Text="Marketing" />
                    </Titles>
                  </NavBarArea>
                  <NavBarArea Id="ProcessCenter">
                    <Titles>
                      <Title LCID="1033" Text="Processes" />
                    </Titles>
                  </NavBarArea>
                </NavBarAreas>
              </Navigation>
              <formparameters solutionaction="Added" />
            </form>
            <LocalizedNames>
              <LocalizedName description="Information" languagecode="1033" />
            </LocalizedNames>
            <Descriptions>
              <Description description="A form for this entity." languagecode="1033" />
            </Descriptions>
          </systemform>
        </forms>
      </FormXml>
      <RibbonDiffXml>
        <CustomActions>
          <CustomAction Id="aspose.contact.Form.DocumentMerger.CustomAction" Location="Mscrm.Form.contact.MainTab.Workflow.Controls._children" Sequence="45">
            <CommandUIDefinition>
              <Button Alt="$LocLabels:aspose.contact.Form.DocumentMerger.Alt" Command="aspose.contact.Form.DocumentMerger" Description="Aspose .Net Document Merger" Id="aspose.contact.Form.DocumentMerger" Image32by32="$webresource:aspose_AsposeLogo32" Image16by16="$webresource:aspose_AsposeLogo16" LabelText="$LocLabels:aspose.contact.Form.DocumentMerger.LabelText" Sequence="45" TemplateAlias="o1" ToolTipTitle="$LocLabels:aspose.contact.Form.DocumentMerger.ToolTipTitle" ToolTipDescription="$LocLabels:aspose.contact.Form.DocumentMerger.ToolTipDescription" />
            </CommandUIDefinition>
          </CustomAction>
          <CustomAction Id="aspose.contact.Grid.DocumentMerger.CustomAction" Location="Mscrm.HomepageGrid.contact.MainTab.Workflow.Controls._children" Sequence="70">
            <CommandUIDefinition>
              <Button Alt="$LocLabels:aspose.contact.Grid.DocumentMerger.Alt" Command="aspose.contact.Grid.DocumentMerger" Description="Aspose .Net Document Merger" Id="aspose.contact.Grid.DocumentMerger" Image32by32="$webresource:aspose_AsposeLogo32" Image16by16="$webresource:aspose_AsposeLogo16" LabelText="$LocLabels:aspose.contact.Grid.DocumentMerger.LabelText" Sequence="70" TemplateAlias="o1" ToolTipTitle="$LocLabels:aspose.contact.Grid.DocumentMerger.ToolTipTitle" ToolTipDescription="$LocLabels:aspose.contact.Grid.DocumentMerger.ToolTipDescription" />
            </CommandUIDefinition>
          </CustomAction>
          <CustomAction Id="aspose.contact.Grid.DocumentGenerator.CustomAction" Location="Mscrm.HomepageGrid.contact.MainTab.Workflow.Controls._children" Sequence="60">
            <CommandUIDefinition>
              <Button Alt="$LocLabels:aspose.contact.Grid.DocumentGenerator.Alt" Command="aspose.contact.Grid.DocumentGenerator" Description="Aspose .Net Document Generator" Id="aspose.contact.Grid.DocumentGenerator" Image32by32="$webresource:aspose_AsposeLogo32" Image16by16="$webresource:aspose_AsposeLogo16" LabelText="$LocLabels:aspose.contact.Grid.DocumentGenerator.LabelText" Sequence="60" TemplateAlias="o1" ToolTipTitle="$LocLabels:aspose.contact.Grid.DocumentGenerator.ToolTipTitle" ToolTipDescription="$LocLabels:aspose.contact.Grid.DocumentGenerator.ToolTipDescription" />
            </CommandUIDefinition>
          </CustomAction>
          <CustomAction Id="aspose.contact.Form.DocumentGenerator.CustomAction" Location="Mscrm.Form.contact.MainTab.Workflow.Controls._children" Sequence="35">
            <CommandUIDefinition>
              <Button Alt="$LocLabels:aspose.contact.Form.DocumentGenerator.Alt" Command="aspose.contact.Form.DocumentGenerator" Description="Aspose .Net Document Generator" Id="aspose.contact.Form.DocumentGenerator" Image32by32="$webresource:aspose_AsposeLogo32" Image16by16="$webresource:aspose_AsposeLogo16" LabelText="$LocLabels:aspose.contact.Form.DocumentGenerator.LabelText" Sequence="35" TemplateAlias="o1" ToolTipTitle="$LocLabels:aspose.contact.Form.DocumentGenerator.ToolTipTitle" ToolTipDescription="$LocLabels:aspose.contact.Form.DocumentGenerator.ToolTipDescription" />
            </CommandUIDefinition>
          </CustomAction>
          <CustomAction Id="aspose.contact.SubGrid.DocumentGenerator.CustomAction" Location="Mscrm.SubGrid.contact.MainTab.Workflow.Controls._children" Sequence="50">
            <CommandUIDefinition>
              <Button Alt="$LocLabels:aspose.contact.SubGrid.DocumentGenerator.Alt" Command="aspose.contact.Grid.DocumentGenerator" Description="Aspose .Net Document Generator" Id="aspose.contact.SubGrid.DocumentGenerator" Image32by32="$webresource:aspose_AsposeLogo32" Image16by16="$webresource:aspose_AsposeLogo16" LabelText="$LocLabels:aspose.contact.SubGrid.DocumentGenerator.LabelText" Sequence="50" TemplateAlias="o1" ToolTipTitle="$LocLabels:aspose.contact.SubGrid.DocumentGenerator.ToolTipTitle" ToolTipDescription="$LocLabels:aspose.contact.SubGrid.DocumentGenerator.ToolTipDescription" />
            </CommandUIDefinition>
          </CustomAction>
          <CustomAction Id="aspose.contact.SubGrid.DocumentMerger.CustomAction" Location="Mscrm.SubGrid.contact.MainTab.Workflow.Controls._children" Sequence="60">
            <CommandUIDefinition>
              <Button Alt="$LocLabels:aspose.contact.SubGrid.DocumentMerger.Alt" Command="aspose.contact.Grid.DocumentMerger" Description="Aspose .Net Document Merger" Id="aspose.contact.SubGrid.DocumentMerger" Image32by32="$webresource:aspose_AsposeLogo32" Image16by16="$webresource:aspose_AsposeLogo16" LabelText="$LocLabels:aspose.contact.SubGrid.DocumentMerger.LabelText" Sequence="60" TemplateAlias="o1" ToolTipTitle="$LocLabels:aspose.contact.SubGrid.DocumentMerger.ToolTipTitle" ToolTipDescription="$LocLabels:aspose.contact.SubGrid.DocumentMerger.ToolTipDescription" />
            </CommandUIDefinition>
          </CustomAction>
        </CustomActions>
        <Templates>
          <RibbonTemplates Id="Mscrm.Templates"></RibbonTemplates>
        </Templates>
        <CommandDefinitions>
          <CommandDefinition Id="aspose.contact.Grid.DocumentGenerator">
            <EnableRules>
              <EnableRule Id="Mscrm.SelectionCountExactlyOne" />
            </EnableRules>
            <DisplayRules />
            <Actions>
              <JavaScriptFunction FunctionName="Develop1_RibbonCommands_runDialogGrid" Library="$webresource:aspose_RunDialog">
                <CrmParameter Value="SelectedControlSelectedItemIds" />
                <CrmParameter Value="SelectedEntityTypeName" />
                <StringParameter Value="30816076-BCB9-4F7D-BFBD-BC6ECF522C7C" />
              </JavaScriptFunction>
            </Actions>
          </CommandDefinition>
          <CommandDefinition Id="aspose.contact.Form.DocumentGenerator">
            <EnableRules>
              <EnableRule Id="Mscrm.FormStateNotNew" />
            </EnableRules>
            <DisplayRules />
            <Actions>
              <JavaScriptFunction FunctionName="Develop1_RibbonCommands_runDialogForm" Library="$webresource:aspose_RunDialog">
                <CrmParameter Value="PrimaryEntityTypeName" />
                <StringParameter Value="30816076-BCB9-4F7D-BFBD-BC6ECF522C7C" />
              </JavaScriptFunction>
            </Actions>
          </CommandDefinition>
          <CommandDefinition Id="aspose.contact.Grid.DocumentMerger">
            <EnableRules>
              <EnableRule Id="Mscrm.SelectionCountExactlyOne" />
            </EnableRules>
            <DisplayRules />
            <Actions>
              <JavaScriptFunction FunctionName="Develop1_RibbonCommands_runDialogGrid" Library="$webresource:aspose_RunDialog">
                <CrmParameter Value="SelectedControlSelectedItemIds" />
                <CrmParameter Value="SelectedEntityTypeName" />
                <StringParameter Value="67517FEC-1EB1-4BF5-BEB1-0A3663C4BF42" />
              </JavaScriptFunction>
            </Actions>
          </CommandDefinition>
          <CommandDefinition Id="aspose.contact.Form.DocumentMerger">
            <EnableRules>
              <EnableRule Id="Mscrm.FormStateNotNew" />
            </EnableRules>
            <DisplayRules />
            <Actions>
              <JavaScriptFunction FunctionName="Develop1_RibbonCommands_runDialogForm" Library="$webresource:aspose_RunDialog">
                <CrmParameter Value="PrimaryEntityTypeName" />
                <StringParameter Value="67517FEC-1EB1-4BF5-BEB1-0A3663C4BF42" />
              </JavaScriptFunction>
            </Actions>
          </CommandDefinition>
        </CommandDefinitions>
        <RuleDefinitions>
          <TabDisplayRules />
          <DisplayRules />
          <EnableRules />
        </RuleDefinitions>
        <LocLabels>
          <LocLabel Id="aspose.contact.Form.DocumentMerger.ToolTipDescription">
            <Titles>
              <Title description="Aspose .Net Document Merger" languagecode="1033" />
            </Titles>
          </LocLabel>
          <LocLabel Id="aspose.contact.Grid.DocumentGenerator.ToolTipTitle">
            <Titles>
              <Title description="Aspose .Net Document Generator" languagecode="1033" />
            </Titles>
          </LocLabel>
          <LocLabel Id="aspose.contact.Form.DocumentGenerator.LabelText">
            <Titles>
              <Title description="Document Generator" languagecode="1033" />
            </Titles>
          </LocLabel>
          <LocLabel Id="aspose.contact.SubGrid.DocumentGenerator.ToolTipTitle">
            <Titles>
              <Title description="Aspose .Net Document Generator" languagecode="1033" />
            </Titles>
          </LocLabel>
          <LocLabel Id="aspose.contact.Form.DocumentGenerator.Alt">
            <Titles>
              <Title description="Aspose .Net Document Generator" languagecode="1033" />
            </Titles>
          </LocLabel>
          <LocLabel Id="aspose.contact.Form.DocumentGenerator.ToolTipTitle">
            <Titles>
              <Title description="Aspose .Net Document Generator" languagecode="1033" />
            </Titles>
          </LocLabel>
          <LocLabel Id="aspose.contact.Grid.DocumentMerger.ToolTipTitle">
            <Titles>
              <Title description="Aspose .Net Document Merger" languagecode="1033" />
            </Titles>
          </LocLabel>
          <LocLabel Id="aspose.contact.SubGrid.DocumentGenerator.ToolTipDescription">
            <Titles>
              <Title description="Aspose .Net Document Generator" languagecode="1033" />
            </Titles>
          </LocLabel>
          <LocLabel Id="aspose.contact.Form.DocumentMerger.LabelText">
            <Titles>
              <Title description="Document Merger" languagecode="1033" />
            </Titles>
          </LocLabel>
          <LocLabel Id="aspose.contact.SubGrid.DocumentGenerator.Alt">
            <Titles>
              <Title description="Aspose .Net Document Generator" languagecode="1033" />
            </Titles>
          </LocLabel>
          <LocLabel Id="aspose.contact.SubGrid.DocumentMerger.LabelText">
            <Titles>
              <Title description="Document Merger" languagecode="1033" />
            </Titles>
          </LocLabel>
          <LocLabel Id="aspose.contact.SubGrid.DocumentMerger.ToolTipTitle">
            <Titles>
              <Title description="Aspose .Net Document Merger" languagecode="1033" />
            </Titles>
          </LocLabel>
          <LocLabel Id="aspose.contact.Grid.DocumentGenerator.Alt">
            <Titles>
              <Title description="Aspose .Net Document Generator" languagecode="1033" />
            </Titles>
          </LocLabel>
          <LocLabel Id="aspose.contact.SubGrid.DocumentMerger.ToolTipDescription">
            <Titles>
              <Title description="Aspose .Net Document Merger" languagecode="1033" />
            </Titles>
          </LocLabel>
          <LocLabel Id="aspose.contact.Form.DocumentMerger.Alt">
            <Titles>
              <Title description="Aspose .Net Document Merger" languagecode="1033" />
            </Titles>
          </LocLabel>
          <LocLabel Id="aspose.contact.SubGrid.DocumentMerger.Alt">
            <Titles>
              <Title description="Aspose .Net Document Merger" languagecode="1033" />
            </Titles>
          </LocLabel>
          <LocLabel Id="aspose.contact.Grid.DocumentMerger.ToolTipDescription">
            <Titles>
              <Title description="Aspose .Net Document Merger" languagecode="1033" />
            </Titles>
          </LocLabel>
          <LocLabel Id="aspose.contact.Grid.DocumentGenerator.LabelText">
            <Titles>
              <Title description="Document Generator" languagecode="1033" />
            </Titles>
          </LocLabel>
          <LocLabel Id="aspose.contact.Form.DocumentGenerator.ToolTipDescription">
            <Titles>
              <Title description="Aspose .Net Document Generator" languagecode="1033" />
            </Titles>
          </LocLabel>
          <LocLabel Id="aspose.contact.Grid.DocumentGenerator.ToolTipDescription">
            <Titles>
              <Title description="Aspose .Net Document Generator" languagecode="1033" />
            </Titles>
          </LocLabel>
          <LocLabel Id="aspose.contact.Grid.DocumentMerger.Alt">
            <Titles>
              <Title description="Aspose .Net Document Merger" languagecode="1033" />
            </Titles>
          </LocLabel>
          <LocLabel Id="aspose.contact.SubGrid.DocumentGenerator.LabelText">
            <Titles>
              <Title description="Document Generator" languagecode="1033" />
            </Titles>
          </LocLabel>
          <LocLabel Id="aspose.contact.Grid.DocumentMerger.LabelText">
            <Titles>
              <Title description="Document Merger" languagecode="1033" />
            </Titles>
          </LocLabel>
          <LocLabel Id="aspose.contact.Form.DocumentMerger.ToolTipTitle">
            <Titles>
              <Title description="Aspose .Net Document Merger" languagecode="1033" />
            </Titles>
          </LocLabel>
        </LocLabels>
      </RibbonDiffXml>
    </Entity>
  </Entities>
  <Roles></Roles>
  <Workflows>
    <Workflow WorkflowId="{67517fec-1eb1-4bf5-beb1-0a3663c4bf42}" Name="Aspose .Net Document Merger">
      <XamlFileName>/Workflows/AsposeNetDocumentMerger-67517FEC-1EB1-4BF5-BEB1-0A3663C4BF42.xaml</XamlFileName>
      <Type>1</Type>
      <Subprocess>0</Subprocess>
      <Category>1</Category>
      <LanguageCode>1033</LanguageCode>
      <Scope>1</Scope>
      <OnDemand>1</OnDemand>
      <TriggerOnCreate>0</TriggerOnCreate>
      <TriggerOnDelete>0</TriggerOnDelete>
      <AsyncAutodelete>0</AsyncAutodelete>
      <IsCustomizable>1</IsCustomizable>
      <PrimaryEntity>Contact</PrimaryEntity>
    </Workflow>
  </Workflows>
  <FieldSecurityProfiles></FieldSecurityProfiles>
  <Templates />
  <RibbonDiffXml>
    <CustomActions />
    <Templates>
      <RibbonTemplates Id="Mscrm.Templates"></RibbonTemplates>
    </Templates>
    <CommandDefinitions />
    <RuleDefinitions>
      <TabDisplayRules />
      <DisplayRules />
      <EnableRules />
    </RuleDefinitions>
    <LocLabels />
  </RibbonDiffXml>
  <EntityMaps />
  <EntityRelationships />
  <OrganizationSettings />
  <optionsets />
  <WebResources>
    <WebResource>
      <WebResourceId>{6b1a85ee-466e-e411-bc74-00155d831528}</WebResourceId>
      <Name>aspose_RunDialog</Name>
      <DisplayName>Run Dialog</DisplayName>
      <LanguageCode>1033</LanguageCode>
      <WebResourceType>3</WebResourceType>
      <IsCustomizable>1</IsCustomizable>
      <CanBeDeleted>1</CanBeDeleted>
      <IsHidden>0</IsHidden>
      <FileName>/WebResources/aspose_RunDialog6B1A85EE-466E-E411-BC74-00155D831528</FileName>
    </WebResource>
    <WebResource>
      <WebResourceId>{2d00e713-4c6e-e411-bc74-00155d831528}</WebResourceId>
      <Name>aspose_AsposeLogo16</Name>
      <DisplayName>AsposeLogo16</DisplayName>
      <LanguageCode>1033</LanguageCode>
      <WebResourceType>5</WebResourceType>
      <IsCustomizable>1</IsCustomizable>
      <CanBeDeleted>1</CanBeDeleted>
      <IsHidden>0</IsHidden>
      <FileName>/WebResources/aspose_AsposeLogo162D00E713-4C6E-E411-BC74-00155D831528</FileName>
    </WebResource>
    <WebResource>
      <WebResourceId>{cfe78c2c-4c6e-e411-bc74-00155d831528}</WebResourceId>
      <Name>aspose_AsposeLogo32</Name>
      <DisplayName>AsposeLogo32</DisplayName>
      <LanguageCode>1033</LanguageCode>
      <WebResourceType>5</WebResourceType>
      <IsCustomizable>1</IsCustomizable>
      <CanBeDeleted>1</CanBeDeleted>
      <IsHidden>0</IsHidden>
      <FileName>/WebResources/aspose_AsposeLogo32CFE78C2C-4C6E-E411-BC74-00155D831528</FileName>
    </WebResource>
  </WebResources>
  <SolutionPluginAssemblies>
    <PluginAssembly FullName="Aspose.DocumentMerger.MergeDocumentsInEntity, Version=1.0.0.0, Culture=neutral, PublicKeyToken=729739248476a666" CustomizationLevel="1">
      <IsolationMode>1</IsolationMode>
      <SourceType>0</SourceType>
      <FileName>/PluginAssemblies/AsposeDocumentMergerMergeDocumentsInEntity-F248382F-C9EF-429C-B39A-1B1271C07ACD/AsposeDocumentMergerMergeDocumentsInEntity.dll</FileName>
      <PluginTypes>
        <PluginType AssemblyQualifiedName="Aspose.DocumentMerger.MergeDocumentsInEntity.MergeDocuments, Aspose.DocumentMerger.MergeDocumentsInEntity, Version=1.0.0.0, Culture=neutral, PublicKeyToken=729739248476a666" Name="Document Merger">
          <FriendlyName>8248d4a8-5f56-4873-b677-a8d9ecfbe9c7</FriendlyName>
          <WorkflowActivityGroupName>Aspose</WorkflowActivityGroupName>
        </PluginType>
      </PluginTypes>
    </PluginAssembly>
  </SolutionPluginAssemblies>
  <Languages>
    <Language>1033</Language>
  </Languages>
</ImportExportXml>